text,created_at,id,user,downtime
@albertheijn Ligt bezorgservice plat?,10/08/2014 14:08:57,498471065434472000,Els2,1
"@albertheijn hallo mensen, jullie site is kapudt. Nu kan ik niet koken.....",10/08/2014 14:16:14,498472895992311000,Anne Baarda,1
@albertheijn volgens mij doet de website het niet... zo/10/aug/16:35,10/08/2014 14:26:56,498475588467036000,Lara Lawless,1
@albertheijn wanneer is de albert site weer te bereiken? Hij is down,10/08/2014 14:58:18,498483485229993000,Cindy Nugteren,1
@albertheijn Ik heb inlog problemen met jullie webshop. Ik kan niet inloggen danwel aanmelden. Is er een technische bug?,10/08/2014 19:03:17,498545135396093000,Les Mackenzie,1
@albertheijn Is er een storing met Plaza?,15/08/2014 14:08:10,500282804383793000,Cengizhan Kayaalp,1
"@albertheijn ""Albert Heijn website Storing Sorry, wegens (gepland) onderhoud is de website tijdelijk niet beschikbaar."" Er gaat iets mis?",15/08/2014 16:49:22,500323372996517000,Jorne Scheerstra,1
@albertheijn wanneer doet de website het weer,15/08/2014 17:13:33,500329457673330000,wim,1
@albertheijn Waarom is de website af?? Ik moet treinkaartjies en een vakantie verzilwer vanavond! Zielig...,15/08/2014 17:44:14,500337179613495000,Platolanie,1
@albertheijn helaas moet ik mijn boodschappen voor 23.59 in orde hebben maar jullie site ligt plat... #ennu???,15/08/2014 19:42:31,500366948711297000,Hendrike,1
@AFCAjax lekker dan. Mailenover presale en dan meteen je server plat... #presale #CL #WZAWZDB http://t.co/5RwrMfx3Gd,14/08/2014 07:36:03,499821737966829000,Vince Balk,1
@AT5 legt ff plat,02/08/2014 12:39:03,495549335686619000,Anne,1
@AT5 Keken de homo's van de techniek teveel naar de boten in plaats van naar de knoppen?,02/08/2014 12:40:33,495549714696531000,Hendrik-Jan Bleumink,1
"@Belastingdienst De MijnToeslagensite is down, bent u hiervan op de hoogte? Er is een fout opgetreden. Kies 'Ok' om terug te keren naar..",25/08/2014 14:52:40,503917883714715000,Sietze Faber,1
@Caiway hoe is de stand van zaken? Ik lig al 9 uur plat met m'n bedrijf. Graag een tijdslimiet doorgeven van de storingsduur. Bvd,25/08/2014 18:21:08,503970346589237000,Richard Duijvesteijn,1
@facebook is down hahahah,01/08/2014 16:06:51,495239243460255000,opulo,1
@facebook is down muhahahah,01/08/2014 16:06:51,495239243460255000,opulo,1
@GVB_klanten dank u. All1 de ov app is rg traag met de melding,15/08/2014 10:20:07,500225414506500000,afca wanrooij,1
"@Hostnet_Webcare Jullie moeten wel eens wat aan jullie downtime doen, weet niet wat er aan de hand is, maar afgelopen 2 dagen veel down.",09/08/2014 17:08:11,498153782858219000,Dave Heijmans,1
"@ingnl mijningzakelijk zijn zowel via internet als de mobiele app onbereikbaar :(  , en ja internet werkt hier gewoon ;)",12/08/2014 08:00:32,499103126004457000,Roderick van Straten,1
"@ingnl http://t.co/IOrVywru6u is onbereikbaar, en zowel de Windows Phone- en IOS-app kunnen niet inloggen.",12/08/2014 10:16:51,499137428926787000,Klaes Helaes,1
@ingnl klopt het dat ik nu niet op http://t.co/gWEbb4oai7 kan komen. Geeft aan dat website onbereikbaar is,12/08/2014 11:35:33,499157235189424000,Edwin :),1
"@ingnl vanaf ziggo is ing iig onbereikbaar, via 4g van tmobile wel bereikbaar ;)",12/08/2014 12:38:37,499173107882811000,Evert van Harten,1
@ingnl is er storing bij mijn ing? Kan niet  via de app en niet via de gewone site inloggen..,12/08/2014 13:11:11,499181301640212000,Lisa,1
@ingnl de app werkt nogsteeds niet,12/08/2014 14:18:41,499198290907656000,joelle djyliano,1
@ingnl ook de site werkt nog niet,12/08/2014 14:19:24,499198469501095000,joelle djyliano,1
@ingnl In kan niet in loggen via de app en de site. Hoe kan dit??,12/08/2014 21:29:25,499306686260449000,Jeffrey Modderkolk,1
@ingnl is er nog steeds een storing mijn mijning en waar vind ik de status op de klantenservice website?,12/08/2014 21:39:26,499309207716659000,Stijn Grove,1
@ingnl ligt t inloggen op de site eruit?,12/08/2014 22:11:55,499317381840535000,Emi,1
"@ingnl nee, ik ben in NL Het ligt echt aan jullie site. Er zijn waarschijnlijk al even geen kinderrekeningen meer geopend online, wil niet.",13/08/2014 06:03:50,499436143117893000,Manuela,1
@ingnl ik had uurtje geleden al gebeld. Toen lag daar het systeem ook plat. Is dat gefixt? Mijn ING doet het nog niet,25/08/2014 12:12:18,503877525228228000,Christian Peper,1
@ingnl inlogpagina alweer plat? #fijnebank,27/08/2014 11:40:02,504594182007427000,Freeda (Henk Veen),1
@instagram is down hahahah,01/08/2014 16:12:11,495240586312810000,opulo,1
@instagram is DOWN. #theworldhascometoanend hahahahhaah,28/08/2014 19:54:45,505081067242807000,Kim Beatrice,1
@iculture  Apple store is net offline gegaan. http://t.co/8BjJR35lqT,25/08/2014 15:05:32,503921123080568000,Ariana Grande,1
"@poelarends http://t.co/zofluoig7t is inderdaad offline, Klaas. Hier wordt aan gewerkt!",26/08/2014 12:47:35,504248793316200000,KPN Webcare,1
@MD_Actueel hoe staat het ervoor inmiddels? M'n sites zijn nog steeds offline?!,09/08/2014 05:57:44,497985056443756000,Aico Klein Ovink,1
@MD_Actueel 8:32 en de hele boel ligt nog plat!,09/08/2014 06:33:31,497994061488611000,Hans Otten,1
@MD_Actueel onze website http://t.co/kJpw46O4hQ is voor de 2e keer niet zichtbaar dit jaar en onze e-mail schijnt nu ook niet meer te werken,09/08/2014 06:33:32,497994067108962000,radioohdie.nl,1
@MD_Actueel helaas liggen ook mijn sites en email eruit.,09/08/2014 06:42:44,497996382540931000,Quantum Pendant,1
@MD_Actueel al ruim 24 u is mijn site offline! kost mij veel geld en boze bezoekers. En nu kan ik zelfs niet meer mailen!? Hoe lang nog?!?!,09/08/2014 06:48:03,497997721480204000,I Love Health,1
Mijn website ligt al meer dan 24 uur plat. Daarnaast post @MD_Actueel weinig actuele info mbt de storing.,09/08/2014 07:02:18,498001307874381000,Rutger Pruis,1
@MD_Actueel wanneer komen we weer online. En de opgelopen schade of beter misgelopen omzet wie gaat dat betalen? ???,09/08/2014 07:03:31,498001614398296000,Slimdenken,1
@MD_Actueel lijkt wel steeds erger te worden ook webmail werkt niet is er dan helemaal geen indicatie te geven wat ons te wachten staat,09/08/2014 07:14:41,498004424296767000,carol scheepens,1
@MD_Actueel @mijndomein  Zeker de 12e dag dit jaar offline. Zonder compensatie. Ik ben zo spoedig mogelijk klant  af bij deze partij #slecht,09/08/2014 07:21:52,498006232310247000,Ben Reurink,1
Inmiddels ligt mijn site er een dag uit pfff @MD_Actueel: [Update] Zojuist om 08:50 is er een update geplaatst: http://t.co/cRK5oqheGN ^D,09/08/2014 07:25:30,498007146630746000,Andr van Meerkerk,1
@MD_Actueel http://t.co/itqmlqMclI  ligt ook al een tijd plat. Ook de mail's,09/08/2014 07:44:05,498011820557606000,Koopjeonline.com,1
@MD_Actueel Mijn website is nog steeds offline http://t.co/3Yml4SbVCD,09/08/2014 07:55:21,498014655093436000,Suzanne Menheere,1
@MD_Actueel website is nog steeds offline. Kunnen jullie een indicatie geven wanneer de website online kan?,09/08/2014 08:05:29,498017207033798000,Bianca van Schie,1
"@MD_Actueel mijn mail van beide sites doet het niet, het is belangrijk dat ik die mail binnen krijg, ik heb ... http://t.co/SqR3S4avtk",09/08/2014 08:07:24,498017688242114000,marieke lensen,1
@MD_Actueel Helaas behoor ik nog steeds bij die 'enkele klanten' die problemen ondervinden: geen website en geen email,09/08/2014 08:15:56,498019838078775000,Aad van Vliet,1
"@MD_Actueel Goede morgen, dit duurt veel lang, Dit kost mij klanten verlies, ik verwacht voor vandaag mijn website online wordt.....",09/08/2014 09:00:29,498031047612051000,MediaCenter Nijmegen,1
@MD_Actueel @mijndomein meer dan 24 uur offline nu http://t.co/74ETe7MKW2 dit kost mij een heleboel zo. Ik zie andere site wel online gaan!,09/08/2014 09:31:51,498038941262811000,TZ_Trouwringen,1
"@MD_Actueel Heb 3 sites bij MD, 2 deden het, de 3e niet toen storing begon. De eerste 2 doen het vandaag weer, de 3e nog steeds niet. Suc6!",09/08/2014 09:56:25,498045123813728000,Margelot,1
"@MD_Actueel Kom op jongens, al mijn sites zijn nog steeds offline. Hoe lang gaat dit nog duren?",09/08/2014 10:14:06,498049575161454000,Hugo van Dijke,1
@MD_Actueel mijn site http://t.co/6RkyU1IZp4 ligt er al de hele dag uit met een 404 error,09/08/2014 10:22:13,498051616487256000,HofmanWear,1
"@MD_Actueel maikelvanhaaren.nl is nog offline, er mag een mooie compensatie komen of ik ben bij de eerste beste gelegenheid vertrokken.",09/08/2014 10:57:46,498060563403276000,Maikel van Haaren,1
@MD_Actueel Het duurt allemaal wel erg lang! Nog steeds geen email en geen website. Enig idee van de voorgang?,09/08/2014 11:33:54,498069655719014000,Aad van Vliet,1
"@MD_Actueel Ik vind het nu niet leuk meer, duurt nu wel erg lang. Site uit de lucht, not happy",09/08/2014 12:28:20,498083355909718000,HappyThings,1
@MD_Actueel @MD_Webcare waarom doet mijndomein.nl het eigenlijk nog wel?,09/08/2014 13:20:32,498096491899396000,ROTCYP2014,1
@MD_Actueel Komen nu website weer online? Of is dat pas vanavond? Ik probeer mijn bezoekers van onze voetbalclub ook op de hoogte te houden.,09/08/2014 13:43:18,498102220995723000,Marco Roebersen,1
"@MD_Actueel mijn site is op dit moment heel erg hard nodig, http://t.co/utFBucSCsi hoe lang gaat het nog duren denkt u?",09/08/2014 13:58:46,498106111485300000,KarinJacobs,1
@MD_Actueel is er al bekend wanneer de storing zal zijn opgelost?,09/08/2014 14:30:48,498114175668060000,pannenkoeken HIA,1
"@MD_Actueel wanneer is de storing opgelost, onze website is al de hele dag niet bereikbaar waar we niet blij mee zijn.",09/08/2014 14:33:44,498114911537741000,Jrgen van bakel,1
"@MD_Actueel Hi, hoe lang gaat de storing nog duren? :) Kunnen jullie daar een inschatting van maken? Dank!",09/08/2014 14:48:06,498118526922948000,Marieke Miltenburg,1
"@MD_Actueel  Mijn site: http://t.co/Ao5koE94Mu ligt er nog steeds uit. Eigenlijk nooit problemen gehad, maar het duurt nu wel erg lang.",09/08/2014 15:07:53,498123508237737000,winmetcasinobonus.nl,1
"@MD_Actueel is er nu wat meer duidelijk hoe lang het gaat duren, want de nieuwspag is niet erg informatief wanneer sites oke en mail oke",09/08/2014 15:13:30,498124919432310000,Praktijk Jera,1
@MD_Actueel @Altijdbon .nl niet online door technische storing mijndomein!,09/08/2014 15:21:00,498126808785887000,Altijdbon,1
"@MD_Actueel Erg fijn die storing, mijn website ligt er nu al bijna 24 uur uit. Vast goed voor mijn google pagerank.....",09/08/2014 15:22:04,498127078068588000,Gerritjan Boeve,1
@MD_Actueel @Altijdbon niet online door Technische Storing MijnDomein! Excuses voor het ongemak!,09/08/2014 15:22:34,498127204522684000,Altijdbon,1
"@MD_Actueel al een indicatie wanneer http://t.co/nrdHTZunAr al online gaat? FTP is bereikbaar, browsers geven 404 error en mail werkt niet.",09/08/2014 15:28:45,498128759791579000,Saus,1
"@MD_Actueel Mijn website werkt ook niet meer, dacht dat het aan Wordpress lag, maar nu zie ik pas de storing. Wat is de actuele stand?",09/08/2014 15:53:09,498134897853464000,Deborah de Poorter,1
@MD_Actueel wat gaan jullie doen aan het feit dat de websites inmiddels al een dag offline zijn met de bijkomende omzet verliezen?,09/08/2014 16:02:53,498137348639817000,JW den Hollander,1
"@MD_Actueel Hallo, onze websites zijn geheel off line. En van beiden betreft een zakelijke website. Is er al zicht op een oplossing??",09/08/2014 16:59:45,498151659936419000,AnnekeKroodsma,1
@MD_Actueel Helaas zijn mijn sites nog steeds onbereikbaar. En ik kan niet mailen. Wat is de status nu? #mirremaan #springwerk Dank alvast!,09/08/2014 17:15:59,498155746216136000,Miriam van Kreij,1
"@MD_Actueel er liggen nog steeds sites uit, storing nog niet verholpen?",09/08/2014 18:15:41,498170770359873000,Thea Bomers,1
@MD_Actueel Is er al weer nieuws over de storing? Een van mijn klanten heeft nog steeds een site die eruit ligt... :(,09/08/2014 18:26:02,498173372401217000,Marjon Saft,1
"@MD_Actueel onze site nog steeds offline, terwijl potentile cursisten @regel_t goed artikel lezen in @ADkrant kunnen ze niet inschrijven",09/08/2014 19:40:35,498192133502009000,Denise Land,1
"@MD_Actueel Zeg mijndomein: ik ben op z'n zachtst echt niet blij, meer dan 24 uur geen bereik via mail of website, hoe gaan we dit oplossen?",09/08/2014 20:04:36,498198179482189000,Mohamed el Bachiri,1
@MD_Actueel hoelang gaat de storing nog duren? De website is al een dag niet bereikbaar.,09/08/2014 23:15:14,498246154321412000,Hendricus,1
@MD_Actueel we worden nu wel wat ongeduldig. #storing nog steeds geen E-mail en site plat,10/08/2014 06:13:06,498351313709981000,Kirsten Schultz,1
@MD_Actueel Hoe lang gaat het nog duren? Inmiddels al langer dan 24uur geen email of site. Zeer slechte zaak.,10/08/2014 06:56:06,498362133055545000,Peter Contant,1
@MD_Actueel Al sinds vrijdag geen mail en website. Hebben jullie enig idee hoe lang het ongeveer nog gaat duren?,10/08/2014 07:24:53,498369378086567000,Danille Springer,1
@MD_Actueel @MD_Webcare gaat wel erg lang duren he? Al zicht op verbinding #geenmail #geensite,10/08/2014 07:25:04,498369422307106000,KappersInc,1
@MD_Actueel Ongelofelijk: onze site ligt er nog steeds uit. Wat is nu de verwachting? Het onderhoud zou tot zaterdagochtend 8 uur duren!,10/08/2014 07:32:13,498371222523375000,FCGOnline,1
@MD_Actueel echt super storend en zwaar onprofessioneel hoelang die storing nu al duurt...,10/08/2014 07:51:22,498376043267629000,Marc,1
@MD_Actueel @mijndomein @MD_Webcare hoe kan het dat mijn website er nog steeds uit ligt???? Schandalig!!!! #storing #mijndomein RT please,10/08/2014 07:55:51,498377169832534000,djluuk.nl,1
@MD_Actueel  ondanks julie inspanningen gaan we dag 3 al in dat mijn sites http://t.co/dEPyuJyNN6  en http://t.co/hYsiV63vUg ofline zijn,10/08/2014 08:00:29,498378337547747000,carol scheepens,1
"Mijn site ligt eruit, ik weet het, dat komt door een storing bij @MD_Actueel.",10/08/2014 09:42:59,498404132202745000,zcan Akyol,1
@MD_Actueel Hoelang kan die storing nog duren? ik kan nu niet eens mijn website openen.,10/08/2014 09:58:47,498408107417305000,Natascha Verheij,1
"Ook website Talentenportfolio vooralsnog offline ""@MD_Actueel: [Update] Op 10/8/2014 om 11:18 :
http://t.co/BF4x1rIVwS ^RO",10/08/2014 09:59:35,498408307456233000,Simone Leereveld,1
@MD_Actueel mijn website is nog niet bereikbaar. Helaas.....,10/08/2014 10:07:08,498410209958969000,Petra van Riemsdijk,1
"@MD_Actueel In een bericht vrijdag werd gemeld dat de storing kort zou duren. Echter, http://t.co/x3n7kmIpTv en mail zijn nog onbereikbaar.",10/08/2014 10:20:03,498413457583374000,Rob de Graaf,1
"@MD_Actueel mijn site Bodynumbers.nl is nu al bijna 48u offline,wat is er gebeurd met nieuwe password aanvraag voor database?",10/08/2014 10:46:50,498420201395085000,Aico Klein Ovink,1
"@MD_Actueel Het klopt dus dat mijn mailbox het momenteel niet doet? Ik bedoel, de storing is nog niet volledig hersteld?",10/08/2014 11:44:57,498434827432247000,,1
@MD_Actueel hoe gaan jullie compenseren voor de storing. Onbereikbaar voor klanten en dus verlies inkomsten. #ergontevreden,10/08/2014 13:08:47,498455920977121000,Steunkousen-Online,1
@MD_Actueel Mijn website is nu al 3 dagen offline. Ben zeer ontevreden hoop echt dat het aankomende maandag weer online gaat...,10/08/2014 14:17:28,498473205729087000,MediaCenter Nijmegen,1
@MD_Actueel mijn website http://t.co/ox4IFA7ZDc is nog steeds down. dit ondanks jullie nieuwspagina mededeling,10/08/2014 20:24:37,498565603482169000,Marcel van Veelen,1
@MD_Actueel ik ben nog steeds compleet offline met http://t.co/Ez2P8KDer0,10/08/2014 21:08:17,498576592776749000,Patrick Jansen,1
"@MD_Actueel Muzorholland.nl, asaneo.nl en de mail.Alles offline!",12/08/2014 08:34:37,499111703255465000,Muzorholland,1
@NUnl  mijndomein.nl  websites n email al bijna 18 uur plat  veel boze berichten  klanten op facebook weinig respons van het bedrijf,09/08/2014 14:00:12,498106474800095000,Martien van Wanrooij,1
Instagram onbereikbaar door storing: http://t.co/fbglPnab0e,28/08/2014 20:25:10,505088725798617000,NUtech,1
@NUtechnl: Instagram onbereikbaar door storing: http://t.co/iBxwd7S3fG ONEE NU KAN IK GEEN SELFIES MEER PLAATSEN D:,28/08/2014 20:28:03,505089450213662000,Fre!!,1
@OBN_Webcare Nog enige idee wanneer het eindelijk weer werkt? 6+ uur downtime is triest en ook een regelmatige updates..,04/08/2014 20:44:31,496396285130584000,Robin Verlangen,1
"@PostNL Jammer Track en Trace ligt plat,althans bij mij .. weet nu nog niet of die onderweg is -_-",26/08/2014 10:13:31,504210023111987000,Angelique,1
@ZiggoWebcare Sites als http://t.co/DbdcrSGpge en telegraaf.nl onberijkbaar vanaf meerdere ziggo klanten. MTU probleempje?,12/08/2014 09:59:52,499133155056832000,Edwin van Andel,1
@ZiggoWebcare Sites als http://t.co/DbdcrSGpge  en telegraaf.nl onbereikbaar vanaf meerdere ziggo klanten. MTU probleempje?,12/08/2014 10:08:47,499135402046144000,Edwin van Andel,1
@Belastingdienst Ik kan niet meer inloggen op toeslagen.nl. Ik krijg elke keer een error op de pagina.,25/08/2014 23:20:21,504045647197376000,Kristel,1
@Hostnet_Webcare mail werkt niet !! storing bij hostnet!! graag spoedig aktie!!,25/08/2014 21:09:16,504012657654263000,Lloyd Industrials,1
@Hostnet_Webcare Bedankt voor jullie snelle reactie. Vervelend dat het hostnet niet lukt om de boel een beetje stabiel te houden..,25/08/2014 21:19:51,504015321423155000,Lloyd Industrials,1
@LloydIndustrial Dat begrijpen wij uiteraard. Mijn collega's zijn nu dan ook bezig de onderbrekingen definitief te verhelpen.,25/08/2014 21:22:50,504016071150800000,Hostnet Webcare,1
"@ingnl mijning is niet bereikbaar vanuit Denemark. Bij gebruik van proxy, waardoor lijkt dat ik in NL ben werkt het wel. Wordt dit opgelost?",12/08/2014 18:36:25,499263149502001000,Davey Schalk,1
@KLM zie dm wederom een probleem pfff ben er nu klaar mee zeker met onze gehandicapte dochter!!!!!! Grrrrrr,13/08/2014 22:24:04,499682826820669000,Natasja Veldman,1
@knab_nl ligt de KNab app er uit? Kan niet inloggen,15/08/2014 15:06:16,500297429611458000,Simone,1
@knab_nl Storing? Geen app en geen website?,15/08/2014 15:51:40,500308855021383000,Rob A.M. Naaijkens,1
@KPNwebcare klopt het dat kpn storing heeft? Ik kan geen tv meer kijken....,11/08/2014 21:50:35,498949626528280000,Karma,1
@MarijkeEu middelste lampje brand tijdens een storing? Is er ook een mogelijkheid om tijdelijk met een kabel te testen? 2/2,25/08/2014 22:01:53,504025900586131000,KPN Webcare,1
"@KruidvatService Hmm, de inboedelverzekeringaanvraagpagina n de mail-met-een-vraag-pagina op jullie site werken allebei niet. Fix it! :-(",26/08/2014 13:19:55,504256928403718000,Annica,1
@MD_Actueel @MD_Webcare Hoe lang denken jullie ermee bezig te zijn? Dit is de 4e dag op rij dat mijn site niet of slecht bereikbaar is :(,12/08/2014 09:04:42,499119272845934000,Hugo van Dijke,1
@MD_Actueel We zitten al jaren bij mijndomein en dit is de 1e grote storing. Wel een erg lange maar wij houden het vertrouwen hoog! :) s6,12/08/2014 09:11:01,499120861543424000,Mooiste foto van NL,1
@NS_online kunt u mij heel even terug volgen op twitter ik heb veel problemen die ik liever DM,11/08/2014 21:43:01,498947721374740000,mila,1
8651 @NS_online: @oetsie Zou je ons het treinstelnummer kunnen sturen als de verbinding slecht is? Dan gaan wij hem resetten. ^BR,12/08/2014 18:58:49,499268789025132000,Ferry van Iersel,1
@NS_Online waarom wordt deze mogelijkheid niet in de reisplanner getoond: 8:54 rdam -&gt; schiphol 9:20     9:29 schiphol -&gt; sloterdijk 9:40,20/08/2014 20:17:02,502187573549469000,AndreasV,1
"@PostNL hi, hallo. Jullie https://t.co/CrIzWbBro0 pagina loopt in Google Chrome vast door de cookiemelding. Niet te accepteren (de cookies).",11/08/2014 16:39:01,498871219392090000,Danille Schouten,1
@PostNL  bij Mijn Pakketten staat dat ik als de geadresseerde niet online beschikbaar is.wat betekend dat?hoe kan ik dat dan veranderen?,11/08/2014 16:41:47,498871912295309000,Mirra Bollen,1
@PostNL 3s code heb ik zelfs niet eens ontvangen http://t.co/AZFVbrH9a1,11/08/2014 16:45:58,498872967485743000,kevin  kylie,1
@PostNL nog erg weinig van jullie vernomen. Tweede kwalijke zaak....,11/08/2014 16:55:45,498875429290532000,Lin,1
@richard_verkerk Wat slordig! Heb je meer informatie? ^Anne,11/08/2014 17:00:38,498876655860215000,PostNL,1
@PostNL zeer belangrijke. Niemand bij PostNL wilt/kan mij hiermee helpen. Hoop dat jullie mij hiermee kunnen helpen. Graag wil ik status wtn,13/08/2014 22:40:44,499687021775187000,lashantoo,1
"@radio1nl, jullie website is op m'n Galaxy tab2 niet te bekijken. Alleen de microfoon is zichtbaar na het laden. Erg onhandig.",13/08/2014 22:04:35,499677924338196000,yamuis,1
@RJongbloed wat voor problemen?,03/08/2014 19:37:14,496016962968092000,stipte webcare,1
"@Stipte_Webcare zoals ok al eerder had aangekondigd, ik wacht nog steeds op een vergoeding van storing.",04/08/2014 05:55:51,496172643889184000,T.C. KEREM #ATA,1
@stipte_webcare Internet ligt al een uurtje plat. Wat is er aan de hand? #Huizen,04/08/2014 14:06:45,496296181891596000,Renate Wijma,1
"@RenateWijma Niets, voor zover ik weet, ik vraag het na. Hardware al reset gegeven?",04/08/2014 14:08:08,496296529477783000,stipte webcare,1
@Stipte_Webcare Yes. Krijg net seintje van de kids dat internet al uur plat ligt,04/08/2014 14:09:08,496296785141587000,Renate Wijma,1
@Stipte_Webcare No internet. Er neemt iemand op thuis (heb net contact gehad) :-),04/08/2014 14:23:46,496300465144209000,Renate Wijma,1
"Er vind een landelijk verspreide storing plaats op het glasvezelnetwerk, zie meer info op https://t.co/uv8PBz6YXa",04/08/2014 18:07:15,496356705853128000,stipte webcare,1
"Er vindt een landelijk verspreide glasvezelstoring plaats, zie voor meer info https://t.co/2mVioCcqFT",04/08/2014 18:08:10,496356935747502000,stipte webcare,1
Ook thuistelefoon onbereikbaar. Er heeft wel iemand gebeld van @Stipte_Webcare op mn mobiel om 17:19u. Sinds 15:00u geen internet meer!!!,04/08/2014 18:15:32,496358789927673000,Renate Wijma,1
@RenateWijma  er is iemand van de lijnleverancier onderweg naar wijkcentrale voor vervanging hardware.,04/08/2014 18:29:55,496362409624604000,stipte webcare,1
@Stipte_Webcare Hoe kan het dat TV werkt maar internet en telefoon er al 5 uur uitliggen?,04/08/2014 18:30:06,496362458878341000,Renate Wijma,1
@RenateWijma probeer af en toe modem te resetten,04/08/2014 18:30:14,496362491619049000,stipte webcare,1
@Stipte_Webcare Maar waarom in hemelsnaam ruim 5 uur geen internet? Jullie hebben toch wel SLA met glasvezelboer over maximale issue tyd?,04/08/2014 18:31:45,496362871463636000,Renate Wijma,1
Op dit moment hebben we een landelijke glasvezelstoring. Meer info: https://t.co/2mVioCcqFT,04/08/2014 18:39:52,496364916123893000,stipte webcare,1
Update glasvezelstoring. Grootste deel is opgelost: https://t.co/2mVioCcqFT,04/08/2014 20:41:06,496395424010625000,stipte webcare,1
"De storing is verholpen, stapsgewijs worden diensten hersteld. Zie meer info op https://t.co/2mVioCcqFT",04/08/2014 21:14:02,496403714182483000,stipte webcare,1
@Stipte_Webcare Is er een storing in Raalte?,10/08/2014 17:15:33,498518023113039000,Monique Harleman,1
@monique_stoel niet voorzover ik weet. Ik vraag het na.,11/08/2014 15:16:16,498850394425262000,stipte webcare,1
"@Stipte_Webcare Bedankt, storing was gisteravond, internet en TV werken inmiddels weer.",11/08/2014 16:24:32,498867572713205000,Monique Harleman,1
@Stipte_Webcare Klopt het dat de telefoon er weer uit ligt regio 070? Want ben al 2 dagen niet telefonisch bereikbaar.,11/08/2014 19:45:30,498918148822011000,Kim,1
@simyonl nu te laat ben met het activeren van mijn simyo account. Wat moet ik nu doen?,25/08/2014 21:12:18,504013421948731000,Tijs Hoeksma,1
"@Royoooo Het was eerst om 10:55 opgelost, maar helaas is er weer storing ingetreden om 12:08. Wij zoeken op het moment naar de oorzaak 1/3",25/08/2014 14:02:34,503905276412837000,Stedin Webcare,1
@Royoooo zodat het definitief verholpen kan worden. Het is nog niet duidelijk wanneer de storing opgelost is. Wel wil ik u wijzen op 2/3,25/08/2014 14:03:55,503905614872186000,Stedin Webcare,1
@telegraaf Telegraaf via app en via internet onbereikbaar. Klopt dit?,12/08/2014 08:14:26,499106624263696000,Dirk Vreeswijk,1
@telegraaf website slecht bereikbaar?,12/08/2014 08:14:53,499106736091852000,Hans de Vries,1
@telegraaf Problemen met jullie website?,12/08/2014 08:32:09,499111081281716000,Fee,1
@telegraaf ik kan geen enkele link openen van jullie,12/08/2014 08:45:43,499114495147769000,Nina Samsom,1
@telegraaf telegraaf servers down? Geen enkel bericht laad,12/08/2014 08:49:44,499115504557363000,Kale,1
@telegraaf Hoe is 't met de website?,12/08/2014 08:51:44,499116010587176000,Frans Bergwerf,1
@telegraaf Site'je een beetje plat van al diegenen die zo graag willen dat Nederland eindelijk ruggengraat toont al is het vanuit de lucht.,12/08/2014 09:25:21,499124470804926000,Upadastra,1
@telegraaf Jullie website is niet bereikbaar.,12/08/2014 10:00:31,499133319305773000,Bea van Dijk,1
@telegraaf is http://t.co/nkXykaW4TG uit de lucht?,12/08/2014 10:03:42,499134120484941000,dtpartner,1
@telegraaf gratis app op ipad opent wel maar laadt niet.,12/08/2014 10:09:34,499135597739773000,Jessica Hobo,1
"@telegraaf.nl werkt niet meer op internet ,hoezo ?",12/08/2014 10:25:38,499139640964964000,Ralph v.d.Meulen,1
@telegraaf vanaf 10.00 storing telegraaf.nl (http://t.co/6mGntoaMJ8) maar @telegraaf vindt het niet nodig om iets daarover te melden????,12/08/2014 10:46:22,499144857320177000,Eric Boorsma,1
@telegraaf waarom kan ik niet via pc en mobiel op de site komen? is er storing?,12/08/2014 10:48:50,499145478525972000,chantal,1
"@telegraaf Jullie site doet het niet meer, klopt dat?",12/08/2014 11:05:13,499149603825258000,Melissa,1
@telegraaf storing? kan de website http://t.co/x8ISgczRhQ niet bereiken.,12/08/2014 11:09:01,499150556662083000,Michel van Lin,1
"@telegraaf is het zo druk op de website bij jullie , ik krijg hem niet eens gelade XD. of hebben jullie een storing ??",12/08/2014 11:13:18,499151636854767000,PD0MV,1
@telegraaf site al enige tijd down?,12/08/2014 11:39:47,499158301251469000,Pim Versteeg,1
@telegraaf kan niet op de site komen,12/08/2014 11:43:21,499159199893716000,Erwin,1
@telegraaf Probeer al de hele tijd op de site en app de telegraaf te lezen maar nog steeds niets!!,12/08/2014 11:45:48,499159812937371000,Oog voor Design,1
"@telegraaf Zijn jullie uit de lucht of zo. Website laadt hele dag al niet, de Androidapp blijft hangen. Wat is er aan de hand?",12/08/2014 11:47:01,499160121348743000,Jef de Vries,1
@telegraaf Wat is er bij  jullie aan de hand kan nergen op internet de krant lezen???,12/08/2014 11:50:16,499160938545967000,nicolina v/d horn,1
@telegraaf jullie website werkt niet meer ik weet niet of jullie dit weten?? dan weet je het nu hopelijk maken jullie het snel,12/08/2014 11:54:01,499161882746707000,bond,1
"@telegraaf ,  U bent al uren niet te bereiken online,,,klopt dat ???",12/08/2014 12:09:52,499165872712605000,Maja de Bij,1
@telegraaf de website doet het nog steeds niet hier in Zwolle http://t.co/eBTb16qdv2,12/08/2014 12:24:06,499169454153273000,wim verdoold,1
"@telegraaf is er een storing? Er is geen Telegraaf op laptop of mobiel, bij ons niet tenminste....",12/08/2014 12:25:03,499169692725280000,Aug & Paul,1
"@UPC Goeieavond! Klopt het dat het internet op 2665HJ bleiswijk down is? Alles meermaals gereset, zelfs de wifi hotspot doet niets!? Help??",12/08/2014 18:34:08,499262574836604000,Roy Hijdra,1
@UPC #Storing #2665 Geen TV,12/08/2014 18:48:47,499266261692731000,Walter van Krieken,1
"@upc Geen Telefoon, TV en internet bij 5706 MK. Wanneer is storing opgelost?",28/08/2014 05:52:29,504869103807766000,Bart van Grinsven,1
"@UWV_Webcare Hoi ik probeer een klacht te verzenden, maar ik krijg in alle browsers het zelfde fout melding.",11/08/2014 22:54:38,498965743158190000,pater,1
@VersioISP Is er een storing aan de gang voor Cloudbox? Geen nw. + templates lijken niet goed te installeren. (node6) en kan niet migreren.,12/08/2014 18:30:37,499261691226759000,Matthias Streulens,1
@XMS_Webcare zou fijn zijn als er ook om 03:00 nachts nog wel gewoon internet/tv zou zijn!,14/08/2014 01:13:57,499725581018468000,Roel Janssen,1
@YellowbrickNL de YB race viewer is niet beschikbaar in NL.... En noodzakelijk om de http://t.co/cxsOarcy8v te volgen op Android... #help?!,14/08/2014 18:59:32,499993743693709000,Huisarts NielsRossen,1
"@ZiggoWebcare Mijn wifi ligt er al de hele dag uit en heb de modem al twee keer herstart, wat te doen?",11/08/2014 21:52:44,498950168470102000,Marleen,1
@ZiggoWebcare Monteur vandaag geweest kink in de kabel gerepareerd en internet doet het weer! Twitterteam complimenten voor de snelle actie!,12/08/2014 18:50:47,499266765596422000,MarettaBos,1
@ZiggoWebcare internet blijft steeds wegvallen in Noord Limburg. Is deze week meerdere keren gebeurt en vandaag al 3x. Hoe kan dit?,20/08/2014 20:18:08,502187851531190000,Salida_,1
@ZiggoWebcare internet werkt weer wel maar niet optimaal en snel. Krijg af en toe de volgend melding http://t.co/B5IXMv8WXM,25/08/2014 21:39:28,504020256554516000,Rens,1
@stewelscher &lt;&lt; graag of de app over 24 uur weer werkt. ^JB,25/08/2014 22:04:47,504026627937140000,Ziggo Webcare,1
"@ZiggoWebcare  zit je tv te kijken via app bam weg?
en krijg dan melding alleen klanten van ziggo kunnen kijken?
terwijl ik ingelogd ben pff",25/08/2014 23:36:39,504049748694011000,onkruidje!,1
"@ZiggoWebcare Hoi, via kabel viel het ook weg. Nachtje slapen heeft het gefixt, waarschijnlijk (korte) werkzaamheden. Toch bedankt!",25/08/2014 23:40:46,504050783286210000,KoploperMau,1
"@ciscasp27 Hallo Cisca, als het goed is werkt de app nu weer. ^JB",28/08/2014 05:52:39,504869149483745000,Ziggo Webcare,1
"@flukx klopt, er was gisteren een storing gaande. Ondertussen moet deze nu weer werken. ^JB",28/08/2014 05:59:54,504870973586567000,Ziggo Webcare,1
"@GevadaNL Hallo Gevada, er was inderdaad een storing gaande. deze moet nu zijn oplgeost. Excuses voor het ongemak. ^JB",28/08/2014 06:09:50,504873473597247000,Ziggo Webcare,1
"@SwaantjeB Excuses voor de late reactie,  storing moet nu zijn opgelost. ^JB",28/08/2014 06:22:58,504876775181398000,Ziggo Webcare,1
"@NHendrikx Er was een storing gaande, deze moet nu opgelost zijn. ^JB",28/08/2014 06:23:45,504876974574411000,Ziggo Webcare,1
@3fm #mamaappelsap ik was m'n teen ondersteboven - nielson ft miss montreal - hoe,8/1/2014 19:34:26,495291483155881985,Alo Vera,0
Zo in #dansenmetdelsing een keiharde #LL14 preparty met... JOUW KANS OP KAARTEN! #etherrave #3fm,8/9/2014 23:59:32,498257300105474048,3FM,0
Festivaltent stort in tijdens de opbouw van het Belgische @pukkelpop: http://t.co/Sa3AiWujya #3FM #pkp14,8/12/2014 16:51:17,499236691828572160,3FM,0
De dames van @FirstAidKitBand gaven een exclusief optreden in de #3onStage container: http://t.co/wF2WpoEvLG #3FM #LL14 #3voor12,8/16/2014 18:12:05,500706577259954176,3FM,0
@9292 Dat noem ik service. Bedankt!,8/20/2014 7:47:48,501999021343637504,Sandra Janssen,0
"@ABNAMRO hoesje voor mijn pasje, dus snap niet hoe deze nu ook al stuk kan zijn....?!",8/1/2014 9:53:23,495145258485682176,Wouter,0
"@LuukHelleman Luuk, wat fijn dat je dat laat weten. Kan ik je hierover bellen? ^Floor",8/3/2014 17:02:41,495978072219615232,ABN AMRO,0
@ingnl want alleen op werkdagen? Volgende keer graag een antwoord met uitleg.,8/1/2014 14:06:55,495209061915586560,S,0
@patr1ckenschede Dat klinkt inderdaad als een vervelende kwestie Patrick. Stuur me anders even je klantnummer toe via een DM. ^Mike,8/26/2014 9:44:25,504202698615685120,Eneco,0
@vleessoep Met een rietje? ^Nicky,8/11/2014 16:06:10,498862949482889216,ING Nederland,0
@KLM Super! dankjewel! (Ook voor de snelle reactie :)),8/12/2014 3:17:46,499031966004412417,Charis Rooda,0
@klm Kan ik een vlucht boeken als ik over een paar weken een nieuw paspoort (en dus nieuw paspoortnummer) krijg?,8/12/2014 3:12:13,499030566390349825,Charis Rooda,0
@knab_nl @patrickheijman1 zo als alles bij knab glashelder duidelijk en gebruiksvriendelijk. Een moderne bank van en voor de gebruiker!,8/14/2014 20:08:07,500011001304334336,Pimm,0
Hollande en Gauck herdenken samen de Eerste Wereldoorlog http://t.co/dzx7j90cMX,8/3/2014 14:15:00,495935873461268481,NRC,0
Islamitische Staat heeft grootste stuwdam van Irak in handen  http://t.co/8f4W8DG1hQ,8/8/2014 18:46:56,497816247053340673,NRC,0
@nrc hieraan zien we wel dat oekraine niet om zijn burgers geeft.... eerst gooien ze steden plat en nu vinden ze het nog leuk ook,8/10/2014 12:02:11,498439162031513601,Menno hulshof,0
@MrBoembas Dat weten we nog niet precies. Je zou het kunnen navragen bij de producent: http://t.co/iaItUfGzDF,8/26/2014 13:39:47,504261928404135936,SBS6,0
@SBS6 is dit nieuwe MasterChef die nu draaid?,8/26/2014 16:47:58,504309288492617728,clown lieteke,0
@exposured_ De verwerking kan tot circa 48 uur duren voordat het zichtbaar is in je My T-Mobile pagina.  ^HK,8/14/2014 7:22:50,499818412328382464,T-Mobile Webcare,0
@markrickhoff Deze telefoonnummers worden automatisch voor minimaal een half jaar vastgezet na deactiveren. Het nummer wordt daarna binnen &gt;,8/13/2014 18:11:00,499619142761451520,T-Mobile Webcare,0
@tmobile_webcare ja gelukt! Thanks,8/13/2014 13:42:56,499551678589579266,Jonathan Vd Heijden,0
@ingnl ja vreemd is het. Ga ik zeker doen.Bedankt voor jullie reactie.,8/20/2014 9:06:58,502018946141532160,Sascha Smetsers,0
"@bibliotheek Toen ik je zag. Triest verhaal, maar aangrijpend.",8/2/2014 20:01:50,495660765664534528,Lieke Bullens,0
"@iiGiiovanni  Mooi zo! Bedankt voor de terugkoppeling. Groet, ^AV",8/1/2014 4:47:14,495068211042615297,Ziggo Webcare,0
"@trouw Tsja, en politie maar handhaven....Dit gedrag is erg maar los je niet op met politie. Op school leren inleven in anderen+weerbaarheid",8/28/2014 16:01:34,505022388137132033,Hilde Kalthoff,0
"Buienlijn na #buienlijn trekt vanmiddag vanaf de Noordzee over het land, soms gepaard met #onweer en #hagel. http://t.co/JSWkM7KgQr",8/15/2014 10:29:58,500227895952809984,MeteoGroup-Weer.nl,0
@tmobile_webcare Min nog steeds niet bijgewerkt! http://t.co/68NVYAU5vi,8/14/2014 5:39:41,499792454238081024,Don Ben,0
@RTLNieuwsnl Dubbele regenboog Tanthof Delft http://t.co/BuEb2Kd3Jt,8/19/2014 18:22:08,501796270286331904,jenny,0
@PostNL Ik neem het je ook niet kwalijk. Niet persoonlijk :P,8/20/2014 8:18:57,502006862821457920,Lars,0
@NS_online waarom wordt er op nachtnet niet gecontroleerd. Zit 1e klas stilte coupe. Maar zitten 2e klassers in die nogal luidruchtig zijn,8/3/2014 0:23:45,495726681060311041,Hans Oele,0
@Visagie4u Dankjewel! Voor nu een fijne avond toegewenst en tot horens!,8/26/2014 19:05:21,504343861578457088,KPN Webcare,0
@knab_nl maar je hebt ze wel #bot,8/14/2014 18:42:58,499989572265455616,Sander,0
"@KPNwebcare Nee hoor. Ik ben jullie even gaan volgen, dan kunnen we dit via DM voortzetten. Of kan ik beter bellen?",8/26/2014 6:10:32,504148872781123585,Anke Laterveer,0
"@h_elich Snap ik, is op dit moment niet anders. Bij kaartautomaat kan geen geldige toestemming voor reizen op rekening gegeven worden. ^TS",8/14/2014 16:45:41,499960058332332032,NS online,0
@Politie zou u  @ J_v_Baardwijk  kunnen beschermen tegen zichzelf en andere mensen tegen zijn kwetsende tweets? 1-,8/1/2014 22:24:59,495334402885681153,@Diekalemetdiebril,0
@premierleague Edwin Van Der Sar was better than Cech,8/9/2014 14:27:54,498113443275083776,Panda  Chapo,0
"@QPark_WebcareNL Wij betaalden laatst in een QPark garage op het vrijthof EUR 11,- voor 2 uurtjes parkeren!!! Zijn we misschien #opgelicht?",8/27/2014 5:56:06,504507628954062848,EPSI Recherche,0
OPCW: ingredinten sarin Syri vernietigd http://t.co/As7BWSPdFN,8/13/2014 13:34:30,499549557965852673,MSN.nl,0
@sebastiaanvd Die vind je hier http://t.co/wfL1zeFNbv Zij helpen je daar graag verder. Laat je ons weten als het gelukt is? 2/2,8/12/2014 14:36:16,499202716334579712,KPN Webcare,0
"@rencosch nee, dat is precies wat ik ook graag zou willen weten Renco (DS)",8/26/2014 19:42:42,504353261374423040,Interpolis,0
"@nickpreusterink Hi Nick,dat is een verschil! Het blijft een indicatie maar ik wil wel heel graag kijken hoe het precies hiermee zit!  (1)",8/28/2014 7:18:03,504890637951713280,Hi Webcare,0
"@bol_com Wat een smakelijke aktie, eentje waar ik graag aan meedoe!",8/8/2014 21:29:01,497857035745374209,Kynthia,0
De Amsterdamse haven heeft het eerst halfjaar flink meer goederen verwerkt dan in 2013 http://t.co/gERH0VAnOu,8/19/2014 16:56:02,501774602075648000,AT5,0
Bezwaar tegen getuigengehoor Linda de Mol in Miljoenenjachtzaak Arrold van den Hurk: http://t.co/wT32pXe70d http://t.co/Wu3W75sTjS,8/28/2014 6:35:46,504879997098926080,AD.nl,0
"@ABNAMRO Jan Paul! Zo sta ik ook in je klantenbestand. Wel vet zielig voor je dat je een nachtdienst hebt, med",8/10/2014 0:06:26,498259038065680384,Jan Paul Beukema,0
@marchut ..2/2 informatie van je kan achterhalen. Op deze manier is de melding snel duidelijk zichtbaar. ^Martijn,8/9/2014 9:10:21,498033531076227072,ABN AMRO,0
@mlpjanssen jouw NAW-gegevens en IBAN rekeingnummer te vermelden? ^LV,8/4/2014 13:29:11,496286728203034624,NS online,0
"@njacqueroux Nee helaas niet, ze hebben tot 18.00 om te bezorgen. Wacht je met smart op een brief? ^Anne",8/30/2014 13:31:50,505709480659943424,PostNL,0
@UPC alleen Wi-Fi blijft aan en uit springen,8/11/2014 10:35:21,498779698676387840,Ton de Jong,0
@marjorieschote1 Vervelend! We gaan je helpen. Had je het modem al van het stroom gehad? Wil je klantnr en adres via DM sturen? ^LB,8/3/2014 10:48:30,495883904252137472,Ziggo Webcare,0
@Zwitserleven Graag. Via DM?,8/27/2014 15:05:12,504645813759664128,Jan-Willem Mercx,0
"@Bas_Fratelli  Bedankt voor je geduld, Bas. Excuses voor het ongemak! Groet, ^AV",8/28/2014 14:55:54,505005860146647040,Ziggo Webcare,0
"@nljuggler  Gelukkig! Dat is wel de bedoeling, helaas is het in de praktijk niet altijd het geval. Groet, ^AV",8/28/2014 11:35:31,504955435045355521,Ziggo Webcare,0
"@ReubenEGC Goedemorgen Reuben, de nano simkaart is gisteren verstuurd, zal dus vandaag of morgen komen. ^JB",8/28/2014 6:40:30,504881191053692928,Ziggo Webcare,0
Kwalbert: Ik mest met de billen bloot &gt; http://t.co/XI8xYMgJRl,8/25/2014 13:50:12,503902163362656256,Spitsnieuws,0
"@JelleGVeldman Ja, betaal je niets voor. ^JW",8/27/2014 7:43:21,504534616687276032,NS online,0
@MarikeVermeer Dat is inderdaad vervelend. De vraag naar de luiers was veel groter dan wij ingeschat hadden. Sorry voor het ongemak. ^Eva,8/14/2014 10:14:48,499861691887550464,KruidvatService,0
@ingnl aha. Okay dan weet ik dat.  Bedankt Melin,8/1/2014 17:47:55,495264678038503425,martin de bruin,0
@koedelight Log je in via het Ziggo logo?,8/30/2014 18:25:14,505783317044940800,FOXSportsNL_cc,0
"@MichaelvanDalum @PostNL Als de bestelling dan nog niet is aangekomen, dan wil ik je vragen om dat bij ons aan te geven. ^IA 2/3",8/2/2014 14:00:12,495569760453951489,bol.com,0
"@t2krambo In zo'n geval komen we je graag tegemoet in de retourkosten, mijn excuses. Kun je in een DM je bestelnummer sturen?  ^AH",8/1/2014 14:01:25,495207676306280448,bol.com,0
@iPhonehoesjess Vervelend dat je dat vaak tegenkomt in onze winkel in Hoofddorp. Ik heb het doorgeven aan de manager. Excuses hiervoor. ^JdG,8/2/2014 14:46:54,495581511899705344,Albert Heijn,0
RT @leonhillen: VOPAK +15% op deze magere cijfers en verwachtingen !? Ik snap het soms ook even niet....,8/20/2014 7:09:29,501989378806542337,Guruwatch,0
"@nrc @trouw Schei toch uit, niet iedereen gaat ""netjes"" dood met alleen een laatste zucht. Krijgen nu niets meer terug voor onze premies?",8/28/2014 8:58:10,504915836059275265,Tanja Reintjes,0
@omroepbrabant tuurlijk altijd gratis,8/25/2014 7:28:56,503806215391281153,Berry van Gaal,0
@roeldewinter Ik stuur je zo ff een mailtje :) ^Frank,8/28/2014 10:33:46,504939893030920192,PostNL,0
"@computaal Dat ben ik met je eens, en daar werken we naartoe. Dit heeft wel wat voeten in de aarde hoor! ^JvH",8/11/2014 9:19:13,498760539569659905,T-Mobile Webcare,0
"@transavia ik zal mijn nummer sturen, ff kijken hoe dm werkt. Komt morgen",8/29/2014 18:57:29,505429045266624515,Dag Orakel,0
"Niemand hoeft te vrezen voor de gezondheid van Twente, die is niet in gevaar' #munsterman http://t.co/kn348eAvFL",8/20/2014 6:03:03,501972662160482304,Voetbalzone.nl,0
Guus Hiddink maakt vandaag zijn voorselectie bekend voor de duels met Itali (oefenduel) en Tsjechi (EK-kwalificatie). #wezijnbenieuwd,8/20/2014 5:40:43,501967039901483009,Voetbalzone.nl,0
@hans5861 Is de modem aangesloten op de hoofdaansluiting met een kabel van maximaal een meter? ^MT,8/11/2014 10:25:01,498777096869908480,Ziggo Webcare,0
"Teun reisde na zn studie door Nederland langs 400 stations. Epic 400 #stationsselfie, gewoon omdat het kan http://t.co/AtM4YKnHFA",8/12/2014 14:40:39,499203818434097153,NS online,0
"@Samsung_NL sinds de laatste update  paar weken terug start mijn toestel ""een galaxy note 2"" regelmatig automatisch opnieuw op! Hoe kan dit?",8/14/2014 9:28:49,499850118146035712,jitsie,0
@mrijkhoff Heb je al geprobeerd om de box te resetten en het dan nogmaals te proberen? ^MW,8/4/2014 13:52:52,496292691366645761,UPC Nederland,0
"@RipInSwitchez &lt;&lt; Zo ja, dan kun je dit bij de beheerder hiervan aankaarten. Lukt dit niet, dan horen we het graag! ^HD",8/9/2014 13:11:40,498094258499645440,Ziggo Webcare,0
"Tien voetbal gerelateerde paginas: Sitedeals: Linkpartners
Gepost Door: Lid
Bericht Tijd: 19-08-201... http://t.co/wRsnExlEHO #linkruil",8/19/2014 15:37:10,501754756440653825,sitedeals.nl,0
"@CindieY88 Ik ga mijn best doen. Mag ik de 3s code van je zending, zodat ik met je mee kan kijken? ^Wil",8/2/2014 11:13:11,495527728113020929,PostNL,0
"@NS_online Goedemorgen, bestelling opnieuw gedaan en gelukt! :)",8/11/2014 5:14:27,498698939206754304,Estevan Koch,0
@KLM Mag ik een deel van mijn vaders as meenemen in een plastic doosje,8/9/2014 21:25:44,498218598360678400,Deborah,0
@eurolacpuntnet 4/4 graag op deze faciliteiten. Het is uiteraard ook toegestaan voor moeders om borstvoeding te geven in het restaurant. ^EK,8/20/2014 11:57:26,502061847529664512,IKEA Helpt,0
Emmenaar verdacht van mishandeling en vernieling http://t.co/yXn2uTdW9r,8/2/2014 8:01:47,495479562289958912,Dagblad v/h Noorden,0
"@Belastingdienst :ik heb een vraag, ik ben opvolgend curator (familie) , per 1 aug, door rechter bevestigd, wat moet ik doen fiscaal gezien?",8/1/2014 10:24:52,495153182361010176,marcel hermsen,0
"@Renske_SP Dat hoort zeker niet, excuses hiervoor. Om welk product gaat het en heb je een ordernummer van de bestelling? ^JdG",8/2/2014 16:19:20,495604773484503041,Albert Heijn,0
@hjvanderklis Wat vervelend dat je hierdoor je aanlsuiting hebt gemist. Bij meer dan 30 min. kun je een GTBV claim indienen. ^FF,8/12/2014 17:05:32,499240280525381634,NS online,0
@victorwees Jij hebt iets besteld en betaald bij de afzender. Indien er bij het leveren iets verkeerd gaat is de afzender &gt;&gt;,8/11/2014 16:13:49,498864873980559360,PostNL,0
"@smetserke Natuurlijk; wil je ons daarvoor in DM je 06-nummer, postcode en geboortedatum doorgeven? Dank! ^JvH",8/20/2014 18:32:20,502161224189378560,T-Mobile Webcare,0
"@skoena Ja, continue je handen wassen nadat je iets had geschreven was ook niet alles ;)  ^RZ",8/13/2014 17:43:30,499612220201127936,UPC Nederland,0
"@HendrikvM &lt;&lt; ontstaat. Als je middels DM je postcode+huisnummer en klantnummer stuurt, zullen we kijken &gt;&gt;",8/4/2014 21:05:54,496401665982218241,Ziggo Webcare,0
"@RizaReads Gaan wij je bij helpen! Graag via een DM je klantnummer, smartcardnummer en adres doorsturen. Bvd! ^AV",8/28/2014 7:17:54,504890600949567488,Ziggo Webcare,0
Volgens trendwatcher @AdjiedjBakas begint op 1 januari De Grote Versobering. Lees nu de column http://t.co/Gj3HVJ7DX5 http://t.co/62LCk5RAkI,8/26/2014 8:07:56,504178415243919360,Zwitserleven,0
Ruim 5000 yezidi's gered uit bergen Irak &gt; http://t.co/JuDgcIUJPU,8/10/2014 7:00:13,498363168016850944,Spitsnieuws,0
@RJOosterbroek Yes! Daar word ik blij van Roland :) ^Anne,8/11/2014 16:13:31,498864801305858048,PostNL,0
"@milanvw Gelukkig kunnen de raampjes wel open, maar het kan idd aan de warme kant zijn met dit weer ^KJ",8/1/2014 15:08:32,495224567531864066,NS online,0
@ingnl helaas wel ja. Vakantie loopt dan richting einde en de reserveringen pakken ongunstig uit ben ik bang. Hopen dat het nog op tijd lukt,8/14/2014 13:01:06,499903540224344064,Arie van Wiggen,0
@gerhardhormann Zo is het maar net! Leen je wel vaker boeken van hem?,8/9/2014 16:14:20,498140229392670720,de Bibliotheek,0
"Nog 3,5 uur voor de aftrap van #Ajax - Vitesse! Tot die tijd tweeten we diverse #matchfacts rond dit duel! #ajavit",8/10/2014 9:00:02,498393323900379136,AFC Ajax,0
"@RobbertBloemdat is balen Robbert :(. Ik snap je punt, maar we doen ditom fraude te voorkomen.^Gerard",8/28/2014 15:04:21,505007986776223744,ING Nederland,0
@GVB_klanten hoe komt het nou Tog dat tram 1 richting amsterdam centraal soms niet komt wanneer die moet komen. Of vaak te veel te laat,8/12/2014 8:03:34,499103888176582656,Ferdi van Woerekom,0
"@Charcastisch Bel ons dan op 0800-0543, mijn collega helpt je verder. ^RI",8/29/2014 14:25:45,505360660449210368,Belastingdienst,0
Ajacieden in afwachting van CL-loting: http://t.co/00rslCvNjn #ucl #ajax,8/28/2014 12:06:48,504963303802953728,AFC Ajax,0
"@grootleeuw  Ai, dat is niet leuk! :-( Ik weet niet hoe het is gebeurt, maar ik wil wel onze excuses aanbieden voor het ongemak. ^AV",8/1/2014 7:19:22,495106498188832768,Ziggo Webcare,0
@NS_online En weer een week later... Inmiddels enig zicht op een reparatiedatum? De media heeft het ook opgepikt.,8/15/2014 8:06:00,500191664250814464,Almere-Poort,0
@MissTop40 Is je kaart beschadigd? ^MA,8/15/2014 6:53:56,500173526490705920,NS online,0
@aylatwork top! Als je nog vragen of opmerkingen hebt dan weet je ons te vinden! Mooie dag vandaag. ^Roy,8/25/2014 6:54:53,503797645807464448,ING Nederland,0
@bibliotheek nee nee elke dag een paar blz om het legen van het hoofd te bevorderen ;-),8/30/2014 8:22:01,505631512642195456,Esther,0
Filmfans opgelet: we geven kaartjes weg voor de eerste vertoning van The Maze Runner! Doe mee en win! http://t.co/FEIyZGYCB4 #MazeRunnerNL,8/25/2014 12:03:03,503875197238513664,bol.com,0
@KLM Ik krijg jullie werelddealweken mailing altijd maar was totaal vergeten dat ze er weer aan kwamen...dat scheelt  200 pp als we week,8/27/2014 13:44:58,504625621197414400,Janine Freriks,0
Lenovo verkoopt voor het eerst meer smartphones dan pc's: http://t.co/irL7GngkCg,8/14/2014 6:23:07,499803385818648579,NUtech,0
@NS_online Hahaha mooizo! Groeten uit Frankrijk trouwens en werkse vandaag :-),8/4/2014 8:36:56,496213184047763456,Arjan Kuiper,0
@bartvdeijnden Fijne tijd in Italie Bart! En ga je dat treinkaartje inlijsten? ;-). ^JS,8/4/2014 8:37:46,496213392823439360,NS online,0
@Harry_Dillema Deze poortjes zijn momenteel op een klein aantal stations in gebruik. Als je op een station (...),8/4/2014 8:33:28,496212308390326272,NS online,0
@MareilleDwars Omdat de ov-chipkaart al reeds in bezit is kan deze direct ingaan bij een nieuwe aanvraag. Wel zo handig. ^OS,8/4/2014 8:29:05,496211207209353216,NS online,0
"@Pathe vergeet mijn vorige tweet, had de reply verkeerd begrepen. Hopen dat 'ie in Nederland gaat uitkomen.",8/9/2014 20:05:30,498198406368882688,Vincent Doornekamp,0
@tmmymusic De release voor Tammy in NL is momenteel nog niet definitief. Even afwachten nog.,8/10/2014 8:45:35,498389684629041152,PATH,0
"@Hi_Webcare ah oke. Dat zit er al standaard bij, begrijp ik dus?",8/20/2014 8:33:26,502010508489527298,Justine,0
@niels218 Dat is balen! Wil je eens testen of het weer werkt nadat je de instellingen handmatig hebt doorgevoerd? Via: (1),8/20/2014 8:10:46,502004802742931456,Hi Webcare,0
"@iCulture dropbox, sinds het perfect integreert met mijn pc en iphone... Helaas voor de lage gratis opslag",8/26/2014 10:41:34,504217081374867456,Instakardo,0
@ReubenEGC Aandachttrekkerij?,8/25/2014 21:16:15,504014417592610816,iCulture,0
@Pathe  oke mooi er werd gezegt door zn vriendin dat er 3 uur wachttijd was,8/10/2014 9:56:11,498407454733258752,Frank v Waardhuizen,0
"@Tazza_ Hoi Tessa. We hebben het gister aan de postverzamelaar gegeven, komt eraan!:) ^Nena",8/26/2014 9:47:04,504203363983314944,PostNL,0
@PostNL netjes! Heb je toevallig een track&amp;trace code?,8/26/2014 9:51:50,504204563629752320,Cedric Hoogendoorn,0
"@RTLNieuwsnl @annemarierozen Wij ook, maar ze houden heimelijk hun kaken op mekaar over #MH17
Hebben duidelijk iets te verbergen.",8/25/2014 18:08:34,503967182901219328,Pim Brussee,0
@tmobile_webcare gedaan! Hoop nu dat jullie mij kunnen helpen!,8/3/2014 9:54:47,495870387448987648,Marlne Hendriks,0
@Ruggensteun Als het goed is hebt u van uw energieleverancier al bericht ontvangen. Vanaf deze datum hebt u 1 maand de tijd. ^SK,8/13/2014 14:33:16,499564349024112640,Enexis Webcare,0
Verschil tussen vraag Feyenoord en aanbod FC Porto is nog twee miljoen #clasie http://t.co/JPnlEKGrcE,8/20/2014 18:53:03,502166438153834496,Voetbalzone.nl,0
PVV Almere: 'Leve Zwarte Piet!' http://t.co/x3pMBJt2rJ #ZwartePiet,8/29/2014 8:36:22,505272734797279232,Powned.tv,0
Weer productiepauze voor de Ford B-Max http://t.co/8XSTehC5ND  #Ford,8/29/2014 15:37:47,505378787241238528,De Telegraaf,0
Volgens trendwatcher @AdjiedjBakas begint op 1 januari De Grote Versobering. Lees nu de column http://t.co/Gj3HVJ7DX5 http://t.co/D4R7rSeS0J,8/26/2014 8:06:54,504178158325997568,Zwitserleven,0
School doet aangifte na kraakactie &gt; http://t.co/BIwKwVyst8,8/19/2014 15:20:32,501750567988117505,Spitsnieuws,0
Weet je wat je ook niet moet doen... Een Ice Bucket Challenge op een paard! http://t.co/CQkdkjooq5,8/25/2014 7:11:23,503801797031772161,VKMag,0
@albertheijn Goedenavond! Kan ik jullie Perla-capsules ook gebruiken in een Krups Nespresso model XN 2007?,8/12/2014 16:43:49,499234812402864128,Michiel Kraijkamp,0
@NS_Wijchen Goed om te lezen! :-) ^LB,8/11/2014 17:14:38,498880182284201985,NS online,0
Voor het eerst in 5 jaar boekt Air Berlin winst in 2e kwartaal http://t.co/NsTJnm5N4I,8/20/2014 19:04:49,502169401295380480,Z24: zakelijk nieuws,0
"@YvetteBolten Hi Yvette, leuk dat je jouw abonnement wil verlengen! Ik wil graag het indicatieve overnamebedrag voor je (1)",8/25/2014 12:21:55,503879947069718528,Hi Webcare,0
@Bijuwels alvast veel plezier ermee :). Fijne avond. ^Frederike,8/25/2014 15:26:43,503926451633410048,ING Nederland,0
Chris Zegers verklapt de beste plek om op safari te gaan #video - http://t.co/xZzH5G9h1k,8/19/2014 15:39:02,501755225305526272,LINDA.magazine,0
"@FashionGoddessa Ik snap dat dat heel frustrerend is:( Fijn dat je 't niet persoonlijk op ons afuurt, dank! #magookweleensgezegdworden ^Nena",8/13/2014 7:45:58,499461845284315136,PostNL,0
@Waternet Gedaan!,8/15/2014 7:35:17,500183933339070464,:,0
@Interpolis eigen bijdrage oke. Maar het kan best gespreid. En met waarschuwing.,8/15/2014 17:29:46,500333540886982656,Peter de Koning,0
@ingnl ok thanks! Komt goed :),8/25/2014 14:32:35,503912829603561472,Martine de Ridder,0
Lenovo verkoopt voor het eerst meer smartphones dan pc's: http://t.co/irL7GngkCg,8/14/2014 6:23:07,499803385818648579,NUtech,0
Verloren Android-telefoon laat vinder eigenaar bellen: http://t.co/WwWAJSnbFm,8/9/2014 10:03:06,498046806954348544,NUtech,0
Gevechtspauze in groot deel Gazastrook http://t.co/xXy59tDCsH,8/4/2014 8:30:15,496211499505819649,MSN.nl,0
@KPNwebcare ja prima geholpen.,8/11/2014 8:04:30,498741737125605376,Joris ten Berg,0
"@DaniellevdLans Hej Danielle, er zit helaas geen garantie meer op de kussens van jouw EKTORP bank. Misschien kan je ze laten opvullen? ^KR",8/1/2014 7:41:53,495112162793521152,IKEA Helpt,0
@bibliotheek De Passievrucht van Karel Glastra van Loon en Verfhuid van Rascha Peper.,8/28/2014 10:18:04,504935941098987520,Audrey,0
"Wissels #Ajax: Leeuwenburgh, Duarte, Sigthrsson, El Ghazi, Tete, Denswil, Serero. #pecaja",8/3/2014 14:51:26,495945039348891648,AFC Ajax,0
Zelf goede productfoto's maken voor minder dan 200 euro? Dit artikel van @RTB_Benelux loodst je door de stappen http://t.co/yNOLKxvwap,8/4/2014 9:11:11,496221803157544960,Mijnwebwinkel,0
@xRegardless Je pakket ligt inderdaad voor de douane te wachten op vrijgeving. Hier heb ik helaas geen invloed op :( ^Nena,8/9/2014 8:04:21,498016923503054848,PostNL,0
@simyonl Dank voor Uw reactie. Maar ik bedoelde: welke instelling is nodig om te bellen/ gebeld met Samsung Tablet waarin Simyo Simkaart,8/29/2014 11:58:13,505323531828076544,Andr van den Berg,0
@telegraaf Zo gaat dat in the welvaart staat!,8/25/2014 14:21:22,503910007327707137,SoulSurvivor60,0
@RvScherpenzeel Dat is niet de bedoeling. Kun je voor een oplossing eens kijken op http://t.co/cqmgJph5PQ .^EB,8/27/2014 7:19:17,504528562469490688,UPC Nederland,0
"@ZeelandNet @toshiba1958 Het is NIET vervelend, maar HOOGST ieritant aan het worden",8/10/2014 12:00:55,498438843721203713,wimdehelpdesk,0
@ZeelandNet Hebben jullie ook een changelog van de aangekondigde update voor de Humax settopboxxen op 18 Augustus?,8/12/2014 12:41:44,499173891965976576,M v D,0
"@SanderNoijens  Vervelend, Sander! Graag de modem opnieuw opstarten en daarna wat verschillende Wi-Fi kanalen testen. Bvd! ^AV",8/12/2014 13:27:46,499185477585747969,Ziggo Webcare,0
200 levende patinten doodverkaard &gt; http://t.co/plf6CVIr7S,8/14/2014 7:50:08,499825283978231808,Spitsnieuws,0
@Bob_Kern Dan tref je het ;) Goede reis gewenst! ^TS,8/26/2014 15:42:17,504292756538531841,NS online,0
@sylxr Helaas afwachten inderdaad. Je kunt het ook op de volgende pagina in de gaten houden: http://t.co/8Y2HhRYE1f,8/19/2014 14:31:05,501738123911766017,KPN Webcare,0
"@joyce_heine aantal passagiers en namen zoals in paspoort, telefoonnummer, e-mailadres en boekingsklasse. &gt;&gt;",8/29/2014 14:06:57,505355931891560449,Royal Dutch Airlines,0
"@IKEAHelpt gisteren een plakfout gemaakt, met mijn nieuwe IKEA PAX kast. kan ik nog 1x aan een borstelstrip komen met artno 121046 / 118312",8/27/2014 9:04:35,504555062426087424,Thijs Weggeman,0
@JvanderKooij Via wat voor apparaat probeer je te kijken?,8/10/2014 14:05:10,498470110634721280,FOXSportsNL_cc,0
@UtrechtNetwerk Blijft actueel! RT @bramdonkers: Facebook heeft de schijn tegen http://t.co/GKsUeJfc2m,8/9/2014 11:30:53,498068898366124032,de Bibliotheek,0
Marokkanen meppen negers van hek Fort Europa: Het is weer raak in Melilla. De Spaanse enclave i... http://t.co/8awXp4kRO2,8/14/2014 15:05:52,499934939937505281,GeenStijl,0
@KLM klopt! Deze tweet zat blijkbaar nog vast en is nu plots verzonden.,8/3/2014 1:43:14,495746683628572672,Lodewijk,0
"@ByJootje Erg jammer dat het zo heeft moeten lopen Jootje! :-( Indien jij je bedenkt, onderneem ik graag actie voor je! Fijn weekend!",8/30/2014 10:46:42,505667922485055488,KPN Webcare,0
@Geraldinevdv Fijn dat je in ieder geval je reis kan maken. De koffie bij la Place is het proberen waard. :-) ^JW,8/20/2014 12:20:24,502067624499769344,NS online,0
@NS_online is de combinatie van studentenreisproduct(week) en een weekend vrij abonnement mogelijk op n ov-chipkaart?,8/29/2014 13:55:25,505353026027409409,Luca,0
@saxaddict94 Graag gedaan en geniet ervan :-) ^MU,8/29/2014 14:51:32,505367150920732672,NS online,0
"@ronaldborman Hoi Ronald, we hebben hier een melding van gemaakt, zodat men gaat kijken naar de mogelijkheden.^AB",8/20/2014 6:59:56,501986978624446464,RET,0
"@tmobile_webcare  Ik wil mijn telefoon aanmelden ter reparatie, maar ik kan de precieze klacht niet selecteren. Is het beter om te bellen?",8/27/2014 8:09:06,504541099030224896,Menno Homan,0
@bobvreeman En natuurlijk wens ik je nog beterschap. ^SA,8/29/2014 9:20:38,505283877708263424,UPC Nederland,0
@ZiggoWebcare ja jullie eigen standaard kabel,8/11/2014 10:25:55,498777322942922752,Hans Ouwerkerk,0
"@JWMercx Beste Jan-Willem, wat vervelend dat je geen antwoord krijgt op je vraag. Kan ik je helpen?PS",8/27/2014 8:36:35,504548013193568257,Zwitserleven,0
"@eindhoven1991 Ik heb contact gehad met de technische dienst. Bij de grensovergang zou een probleem zijn geweest, dit is inmiddels 1/2",8/15/2014 7:06:03,500176576567599104,KPN Webcare,0
@ingnl kan je mij een pb sturen! Ik kan er geen zenden,8/28/2014 12:46:20,504973255934214146,melindegrimbergen,0
@Ditzo ja die link was ik dus even kwijt op de site. En aanmaken account ging niet goed. Maar uiteindelijk is indienen declaratie gelukt :-),8/27/2014 10:16:16,504573100730884096,Corrie Heida,0
@VenemaUithuizen Dank je wel voor het compliment. Leuk! ^PT,8/15/2014 10:27:42,500227324043100160,Blokker,0
@ANWB word het niet eens tijd voor een nieuw bordje? @gemeentekatwijk #degeregtigheid http://t.co/XtQpz9Q2BF,8/20/2014 12:26:45,502069224026939392,Ren Slootweg,0
@IkwasinHaren Dat wordt hem helaas niet meer. Gelukkig kun je altijd je credit card gebruiken. Ondanks alles wel een goede reis gewenst. ^DB,8/4/2014 7:56:55,496203110432653312,ANWB,0
"@bibliotheek nou, dat  mag gerust hoor. Wc papier is (meestal) bij de hand, dus ook als boekenlegger :-)",8/14/2014 17:50:21,499976332710019072,Helen Gorter,0
De Ochtendshow is de komende week in handen van @sander3fm! @kensingtonband komt elke dag langs: http://t.co/TfAB95mPyV #3FM,8/3/2014 18:35:12,496001353223663616,3FM,0
@PostNL kunnen jullie vertellen waar mijn pakketje ligt? Ligt niet waar track&amp;trace zegt waar het ligt!,8/4/2014 15:49:05,496321935413112832,Jacob Harders,0
@casperkoomen Hallo Casper. Wil je op dezelfde vlucht als je vader omgeboekt worden? Kun je ons de boekingscode van je vader &gt;&gt;,8/12/2014 4:06:39,499044267982352384,Royal Dutch Airlines,0
"@FOXSportsNL_cc bereikbaar op erwinx007@MSN.com (i know, groep 8) en mobiel zoals op mijn account staat. Gr, Erwin",8/25/2014 15:54:56,503933553391198208,Erwin,0
@ABNAMRO komt goed jesper. Ik ga ervan uit dat het optijd is. Als het er vrijdag niet is. Geef ik een tweet ! Fijnw avond jesper :D,8/26/2014 20:07:11,504359422924439553,Miranda walma,0
"@Aegon_NL Inmiddels, had immers tijd genoeg, een min of meer rechtstreeks nummer gevonden. Nog geen antwoord, maar de raderen draaien.",8/25/2014 8:25:46,503820515132604416,Berend Tooms,0
@pilates4you2 Ons distributiecentrum in Pijnacker is zaterdag getroffen door een storing waardoor winkels deels niet bevoorraad zijn 1/2 ^SD,8/25/2014 8:48:30,503826238096814080,Albert Heijn,0
@AFCAjax opzouten met die transfers van jullie. We willen geen afdankers die het niet bij andere clubs hebben gered. We zijn geen EHBO post!,8/14/2014 14:05:51,499919836114595840,Amandus,0
Kourtney Kardashian is ineens een bikinibabe &gt; http://t.co/BptO8DosKG,8/28/2014 15:10:05,505009432057880576,Spitsnieuws,0
"@RonaldVelten resetten), Smarthub resetten: (smarthub &gt; tools &gt; instellingen &gt; resetten). Hopelijk lost dit het op.",8/28/2014 5:24:30,504862062422794241,Samsung Nederland,0
@Samsung_NL 5. Niet bleken #SamsungFangames,8/8/2014 18:04:08,497805473299845120,Jessica,0
@praxis dankjewel! Drijft prima. In plaats van rivierenbuurt nu merenbuurt opgezocht;) http://t.co/RWrfCZp2XD,8/10/2014 15:13:21,498487270606139392,Pieter Buss,0
@PostNL helaas gister niks ontvangen en vandaag zelfde verhaal... Alleen ben ik nog minder thuis.. Kan hij naar een ophaalpunt gebracht?,8/27/2014 9:32:38,504562119875252225,Casper de Haas,0
"@joris_branco Wil je ons iets duidelijk maken, naast je oog voor details? ;) ^Meryl",8/13/2014 10:45:36,499507051782221824,PostNL,0
@obnoxious67 Vreemd. Kan niet precies wat de oorzaak is van de vertraging. Ik raad je aan om de afzender in te seinen. ^Wil,8/2/2014 11:18:37,495529096651472896,PostNL,0
@kiekeboelala U kunt uw stem laten horen via: http://t.co/YZrjWeQne7,8/12/2014 6:06:29,499074423560077312,Parkmobile,0
Oekraens leger herovert grote delen Loehansk': http://t.co/MYo4DGRHxy,8/20/2014 15:22:01,502113328668635137,NU.nl,0
Het nieuws van vrijdag 1 augustus in n minuut: http://t.co/3gGU1cOfsU,8/1/2014 14:45:40,495218812963524608,NU.nl,0
@Martinkollaard @CoasterThing En aan het verlichte vlak aan de rechterzijde van het poortje. 3/3 ^IH,8/20/2014 9:38:24,502026857077039104,NS online,0
@Graasie reizigers mee en in de tweede meer bagage. Ook in dubbeldekkers kun je bv tussen de stoelen je bagage kwijt. ^SC,8/12/2014 6:31:31,499080721496293376,NS online,0
@Groeneschoenen Ik snap goed dat dit niet prettig was. Wellicht dat je recht hebt op geld terug bij vertraging http://t.co/ttieMr0YoU ^LV,8/4/2014 7:09:35,496191201608228864,NS online,0
@MyCom ^wen helaas nog geen reactie van jullie gehad,8/29/2014 12:58:54,505338805482962944,Piet Spierings,0
"@KLM En ik hou op jullie iedereen,maar bedoel goed!",8/19/2014 20:18:30,501825556212510720,Anastasia,0
@IKbenBRANDS Kan ik me voorstellen. Hopelijk ben je snel op je bestemming! ^JW,8/20/2014 8:49:54,502014649840455680,NS online,0